station,start,end,n_total,n_2022_plus,has_pre_2022,record_type,error
ASOSAWOS_69007093217,1991-01-02,1993-08-31,23340,0,True,baseline_only,
ASOSAWOS_69023024255,2022-01-01,2026-06-09,38897,38897,False,append_only,
ASOSAWOS_69960403145,2022-01-01,2026-06-09,38897,38897,False,append_only,
ASOSAWOS_72012200114,2014-07-31,2015-09-30,10213,0,True,baseline_only,
ASOSAWOS_72019300117,2010-10-30,2026-06-09,109640,23860,True,full,
ASOSAWOS_72020200118,2005-01-03,2026-06-09,187847,38898,True,full,
ASOSAWOS_72025400119,2007-02-16,2026-06-09,169273,38898,True,full,
ASOSAWOS_72026723224,2006-01-01,2026-06-09,179154,38898,True,full,
ASOSAWOS_72027294282,2006-01-01,2026-06-09,179154,38898,True,full,
ASOSAWOS_72032204129,2006-01-01,2026-06-09,179154,38898,True,full,
ASOSAWOS_72033353175,2006-09-07,2026-06-09,173158,38897,True,full,
ASOSAWOS_72033900121,2007-11-15,2026-06-09,162741,38897,True,full,
ASOSAWOS_72034594086,2006-01-01,2026-06-09,179154,38898,True,full,
ASOSAWOS_72036524267,1980-01-01,2026-06-09,407081,38897,True,full,
ASOSAWOS_72036904135,2006-10-24,2026-06-09,172039,38898,True,full,
ASOSAWOS_72038500419,2007-04-01,2026-06-09,168228,38898,True,full,
ASOSAWOS_72038800469,2007-04-01,2026-06-09,168229,38898,True,full,
ASOSAWOS_72040600135,2014-07-31,2026-06-09,103962,38898,True,full,
ASOSAWOS_72041100137,2008-01-07,2026-06-09,161475,38898,True,full,
ASOSAWOS_72051724165,2013-06-27,2022-08-11,79978,5350,True,full,
ASOSAWOS_72051800449,2013-08-01,2026-06-09,112684,38898,True,full,
ASOSAWOS_72052100475,2013-05-02,2026-06-09,114870,38898,True,full,
ASOSAWOS_72052200443,2013-05-14,2026-06-09,114580,38898,True,full,
ASOSAWOS_72052900429,2008-07-04,2021-10-16,116450,0,True,baseline_only,
ASOSAWOS_72053100158,2012-02-09,2026-06-09,125620,38898,True,full,
ASOSAWOS_72053200159,2009-11-21,2026-06-09,145060,38898,True,full,
ASOSAWOS_72053300160,2010-02-01,2026-06-09,143325,38898,True,full,
ASOSAWOS_72053400161,2014-07-01,2026-06-09,104682,38898,True,full,
ASOSAWOS_72053500162,2012-07-26,2026-06-09,121586,38898,True,full,
ASOSAWOS_72053700163,2010-11-29,2026-06-09,136102,38898,True,full,
ASOSAWOS_72053800164,2010-12-02,2026-06-09,136029,38898,True,full,
ASOSAWOS_72053900165,2009-10-01,2026-06-09,146278,38898,True,full,
ASOSAWOS_72054400168,2010-11-29,2026-06-09,136103,38898,True,full,
ASOSAWOS_72054900171,2010-07-14,2026-06-09,139420,38898,True,full,
ASOSAWOS_72056724180,2014-07-24,2026-06-09,104113,38898,True,full,
ASOSAWOS_72057600174,2008-07-21,2026-06-09,156770,38898,True,full,
ASOSAWOS_72061400205,2009-05-10,2022-08-31,116688,5832,True,full,
ASOSAWOS_72061500206,2009-01-20,2025-08-25,145460,31980,True,full,
ASOSAWOS_72063500221,2009-05-08,2026-06-09,149801,38898,True,full,
ASOSAWOS_72063800224,2009-05-24,2026-06-09,149401,38898,True,full,
ASOSAWOS_72064400226,2013-01-01,2026-06-09,117786,38898,True,full,
ASOSAWOS_72064500227,2009-07-11,2022-08-31,115198,5832,True,full,
ASOSAWOS_72064600228,2009-07-17,2026-06-09,148103,38898,True,full,
ASOSAWOS_72065200433,2009-08-27,2026-06-09,147137,38897,True,full,
ASOSAWOS_72073400264,2010-05-14,2026-06-09,140882,38898,True,full,
ASOSAWOS_72074100269,2010-06-24,2026-06-09,139898,38898,True,full,
ASOSAWOS_72074924255,1980-01-01,2022-08-31,374016,5832,True,full,
ASOSAWOS_72083900279,2011-09-21,2026-06-09,128996,38898,True,full,
ASOSAWOS_72085200280,2010-12-01,2026-06-09,136059,38898,True,full,
ASOSAWOS_72092300310,2011-01-18,2026-06-09,134901,38898,True,full,
ASOSAWOS_72096900341,2012-01-30,2012-12-13,7633,0,True,baseline_only,
ASOSAWOS_72097100342,2012-01-30,2024-09-04,110429,23453,True,full,
ASOSAWOS_72097600345,2012-02-15,2022-08-12,91942,5370,True,full,
ASOSAWOS_72103600353,2012-08-06,2026-06-09,121319,38898,True,full,
ASOSAWOS_72206103038,2006-01-01,2022-08-31,146088,5832,True,full,
ASOSAWOS_72209653127,2006-01-01,2026-06-09,179153,38897,True,full,
ASOSAWOS_72210103039,2006-01-01,2026-06-09,179154,38898,True,full,
ASOSAWOS_72214204114,2005-01-01,2026-06-09,187913,38897,True,full,
ASOSAWOS_72215503040,2006-01-01,2022-08-31,146088,5832,True,full,
ASOSAWOS_72220303041,2006-01-01,2026-06-09,179154,38898,True,full,
ASOSAWOS_72220804224,2006-01-01,2026-06-09,179154,38898,True,full,
ASOSAWOS_72222100444,2013-07-31,2026-06-09,112706,38898,True,full,
ASOSAWOS_72233303069,2006-01-01,2022-08-31,146088,5832,True,full,
ASOSAWOS_72267603035,2006-01-01,2026-06-09,179154,38898,True,full,
ASOSAWOS_72267703027,2006-01-01,2026-06-09,179153,38897,True,full,
ASOSAWOS_72267823052,1998-09-02,2026-06-09,243420,38898,True,full,
ASOSAWOS_72268023009,1980-01-01,2026-06-09,407081,38897,True,full,
ASOSAWOS_72268393083,2006-01-01,2022-08-31,146088,5832,True,full,
ASOSAWOS_72268793033,1980-01-01,2026-06-09,407081,38897,True,full,
ASOSAWOS_72268923077,2006-01-01,2026-06-09,179153,38897,True,full,
ASOSAWOS_72269393097,2006-01-01,2026-03-10,176967,36711,True,full,
ASOSAWOS_72269593041,2002-09-02,2026-06-09,208356,38898,True,full,
ASOSAWOS_72270023044,1980-01-01,2026-06-09,407081,38897,True,full,
ASOSAWOS_72271093045,1980-01-01,2026-06-09,407081,38897,True,full,
ASOSAWOS_72272093063,2022-01-01,2026-06-09,38898,38898,False,append_only,
ASOSAWOS_72272193063,1980-08-26,2026-06-09,401370,38898,True,full,
ASOSAWOS_72272523078,2006-01-01,2026-06-09,179153,38897,True,full,
ASOSAWOS_72272803196,2006-01-01,2026-06-09,179153,38897,True,full,
ASOSAWOS_72273003124,1980-01-02,2022-08-31,373977,5832,True,full,
ASOSAWOS_72274023160,1980-01-01,2026-06-09,407081,38897,True,full,
ASOSAWOS_72274793084,2006-01-01,2026-06-09,179153,38897,True,full,
ASOSAWOS_72274803914,2006-01-01,2022-08-31,146088,5832,True,full,
ASOSAWOS_72274953128,2006-01-01,2026-06-09,179153,38897,True,full,
ASOSAWOS_72276403029,2006-01-01,2026-06-09,179153,38897,True,full,
ASOSAWOS_72278023183,1980-01-01,2026-06-09,407081,38897,True,full,
ASOSAWOS_72278303185,2006-01-01,2026-06-09,179153,38897,True,full,
ASOSAWOS_72278403184,2006-01-01,2026-06-09,179153,38897,True,full,
ASOSAWOS_72278623104,1980-01-02,2026-06-09,407046,38897,True,full,
ASOSAWOS_72278753126,2006-01-01,2026-06-09,179152,38897,True,full,
ASOSAWOS_72278803186,2006-01-01,2022-08-31,146088,5832,True,full,
ASOSAWOS_72278903192,2006-01-01,2026-06-09,179153,38897,True,full,
ASOSAWOS_72281023199,1984-04-13,2022-08-31,336464,5832,True,full,
ASOSAWOS_72281353146,2008-08-07,2026-06-09,156371,38897,True,full,
ASOSAWOS_72281703068,2006-05-01,2025-08-18,169182,31811,True,full,
ASOSAWOS_72282553145,2006-01-01,2015-02-01,79640,0,True,baseline_only,
ASOSAWOS_72286893138,2006-01-01,2022-08-31,146088,5832,True,full,
ASOSAWOS_72286903171,2006-01-01,2026-06-09,179153,38897,True,full,
ASOSAWOS_72287493134,1999-07-01,2024-05-20,218166,20895,True,full,
ASOSAWOS_72288023152,1980-01-01,2026-06-09,407081,38897,True,full,
ASOSAWOS_72288593197,2006-01-01,2022-08-31,146088,5832,True,full,
ASOSAWOS_72288623130,1988-01-01,2022-08-31,303888,5832,True,full,
ASOSAWOS_72289523243,2006-01-01,2026-06-09,179153,38897,True,full,
ASOSAWOS_72289793206,2006-01-01,2022-08-31,146088,5832,True,full,
ASOSAWOS_72289903179,2006-01-01,2026-06-09,179153,38897,True,full,
ASOSAWOS_72290023188,1980-01-01,2026-06-09,407082,38898,True,full,
ASOSAWOS_72290303131,2006-01-01,2026-06-09,179153,38897,True,full,
ASOSAWOS_72290403178,2006-01-01,2022-08-31,146088,5832,True,full,
ASOSAWOS_72290693112,1980-01-01,2026-06-09,407082,38898,True,full,
ASOSAWOS_72290753143,2006-01-01,2026-06-09,179153,38897,True,full,
ASOSAWOS_72290993115,1980-01-02,2022-08-31,373977,5832,True,full,
ASOSAWOS_72291093116,1980-01-01,2022-08-31,374016,5832,True,full,
ASOSAWOS_72292023191,1980-01-01,2022-08-31,374016,5832,True,full,
ASOSAWOS_72292593117,1980-01-01,2022-08-31,374016,5832,True,full,
ASOSAWOS_72292603154,1980-01-02,2026-06-09,407042,38897,True,full,
ASOSAWOS_72292703177,2006-01-01,2026-06-09,179154,38898,True,full,
ASOSAWOS_72292800369,2009-10-29,2025-08-12,138387,31679,True,full,
ASOSAWOS_72293093107,2022-01-01,2026-06-09,38897,38897,False,append_only,
ASOSAWOS_72293193107,1980-01-01,2026-06-09,407081,38897,True,full,
ASOSAWOS_72293453121,2006-01-01,2022-08-31,146088,5832,True,full,
ASOSAWOS_72295023174,1980-01-01,2026-06-09,407081,38897,True,full,
ASOSAWOS_72295503174,2006-01-01,2022-08-31,146088,5832,True,full,
ASOSAWOS_72295603167,2006-01-01,2026-06-09,179153,38897,True,full,
ASOSAWOS_72297023129,1980-01-01,2022-08-31,374016,5832,True,full,
ASOSAWOS_72297553141,2006-01-01,2022-08-31,146088,5832,True,full,
ASOSAWOS_72297603166,2006-01-01,2026-06-09,179153,38897,True,full,
ASOSAWOS_72297793184,1980-01-01,2022-08-31,374016,5832,True,full,
ASOSAWOS_72317153144,2006-01-01,2026-06-09,179154,38898,True,full,
ASOSAWOS_72360023051,1980-01-01,2026-06-09,407081,38897,True,full,
ASOSAWOS_72362593057,1980-01-01,2022-08-31,373998,5832,True,full,
ASOSAWOS_72362723081,1980-01-01,2026-06-09,407081,38897,True,full,
ASOSAWOS_72364703034,2006-01-01,2026-06-09,179153,38897,True,full,
ASOSAWOS_72365023050,1980-01-01,2026-06-09,407081,38897,True,full,
ASOSAWOS_72365493091,2006-01-01,2022-08-31,146088,5832,True,full,
ASOSAWOS_72365623049,1980-01-01,2026-06-09,407081,38897,True,full,
ASOSAWOS_72365823090,1980-01-01,2026-06-09,407081,38897,True,full,
ASOSAWOS_72366303012,2006-01-01,2022-08-31,146088,5832,True,full,
ASOSAWOS_72367593092,2006-01-01,2012-09-30,59144,0,True,baseline_only,
ASOSAWOS_72367623048,1980-01-01,2026-06-09,407081,38897,True,full,
ASOSAWOS_72367723054,1980-01-01,2026-06-09,407081,38897,True,full,
ASOSAWOS_72367823052,1980-01-16,2026-06-09,49507,38898,True,full,
ASOSAWOS_72370093167,1999-01-01,2026-06-09,240521,38897,True,full,
ASOSAWOS_72371003162,2006-01-01,2026-06-09,179153,38897,True,full,
ASOSAWOS_72372123184,1980-01-01,2026-06-09,135329,38897,True,full,
ASOSAWOS_72372323184,1991-01-01,2026-06-09,310649,38897,True,full,
ASOSAWOS_72374023194,1980-01-01,2026-06-09,407081,38897,True,full,
ASOSAWOS_72374500374,2010-01-15,2022-08-31,110666,5832,True,full,
ASOSAWOS_72375003103,1980-01-01,2022-08-31,374016,5832,True,full,
ASOSAWOS_72375493027,2006-01-01,2022-06-11,144127,3871,True,full,
ASOSAWOS_72375503103,2022-01-01,2026-06-09,38897,38897,False,append_only,
ASOSAWOS_72375600375,2009-03-02,2026-06-09,151391,38898,True,full,
ASOSAWOS_72376293244,2006-01-05,2022-08-31,145977,5832,True,full,
ASOSAWOS_72378303195,2006-01-01,2026-06-09,179153,38897,True,full,
ASOSAWOS_72378853135,2006-01-01,2026-06-09,179139,38897,True,full,
ASOSAWOS_72380523179,1980-01-01,2026-06-09,407081,38897,True,full,
ASOSAWOS_72381523161,1980-01-01,2026-06-09,407081,38897,True,full,
ASOSAWOS_72381603159,1980-01-01,2026-06-09,407081,38897,True,full,
ASOSAWOS_72382023182,1980-01-01,2026-06-09,407081,38897,True,full,
ASOSAWOS_72382523131,1980-01-01,2026-06-09,407082,38898,True,full,
ASOSAWOS_72383023187,1980-01-01,2026-06-09,407081,38897,True,full,
ASOSAWOS_72384023155,1980-01-01,2022-08-31,374016,5832,True,full,
ASOSAWOS_72386023169,1980-01-01,2022-08-31,374016,5832,True,full,
ASOSAWOS_72387003160,1980-01-01,2026-06-09,407081,38897,True,full,
ASOSAWOS_72389093193,1980-01-01,2026-06-09,407081,38897,True,full,
ASOSAWOS_72389523149,2006-01-01,2026-06-09,179153,38897,True,full,
ASOSAWOS_72389693144,2006-01-01,2026-06-09,179147,38897,True,full,
ASOSAWOS_72389723167,1995-04-23,2026-06-09,59129,37917,True,full,
ASOSAWOS_72389853119,2006-01-01,2026-06-09,179153,38897,True,full,
ASOSAWOS_72390093226,1998-02-02,2005-06-07,64382,0,True,baseline_only,
ASOSAWOS_72391093111,1980-01-01,2026-06-09,407081,38897,True,full,
ASOSAWOS_72392523190,1980-01-01,2026-06-09,407081,38897,True,full,
ASOSAWOS_72392623136,2005-01-01,2022-08-31,154848,5832,True,full,
ASOSAWOS_72392793110,1980-01-01,2026-06-09,407081,38897,True,full,
ASOSAWOS_72393093214,2006-01-01,2026-06-09,179154,38898,True,full,
ASOSAWOS_72394023273,1980-01-01,2022-08-31,374016,5832,True,full,
ASOSAWOS_72396593209,1980-01-01,2026-06-09,407081,38897,True,full,
ASOSAWOS_72429300376,2005-03-22,2014-07-21,81798,0,True,baseline_only,
ASOSAWOS_72462023061,1980-01-01,2026-06-09,407081,38897,True,full,
ASOSAWOS_72462593005,2006-01-01,2026-06-09,179153,38897,True,full,
ASOSAWOS_72462703011,2006-01-01,2022-08-31,146088,5832,True,full,
ASOSAWOS_72463523067,1980-01-01,2022-08-31,374016,5832,True,full,
ASOSAWOS_72463603013,2006-01-01,2026-06-09,179153,38897,True,full,
ASOSAWOS_72464093058,1980-01-01,2026-06-09,407081,38897,True,full,
ASOSAWOS_72464523070,1980-01-01,2026-06-09,407082,38898,True,full,
ASOSAWOS_72464603028,2006-01-01,2022-08-31,146088,5832,True,full,
ASOSAWOS_72466093037,1980-01-01,2026-06-09,407081,38897,True,full,
ASOSAWOS_72466593010,1980-01-01,2026-06-09,407081,38897,True,full,
ASOSAWOS_72466693067,2006-01-01,2026-06-09,179153,38897,True,full,
ASOSAWOS_72467003017,1980-01-02,2026-06-09,165155,38897,True,full,
ASOSAWOS_72467393009,2006-01-01,2026-06-09,179153,38897,True,full,
ASOSAWOS_72467494050,2006-01-01,2026-06-09,179153,38897,True,full,
ASOSAWOS_72467523063,1980-01-01,2026-06-09,407081,38897,True,full,
ASOSAWOS_72467693073,2006-01-01,2026-06-09,179153,38897,True,full,
ASOSAWOS_72467793007,2002-09-02,2026-06-09,208355,38897,True,full,
ASOSAWOS_72467894033,2011-02-14,2026-06-09,134253,38898,True,full,
ASOSAWOS_72468094015,1980-01-02,2026-06-09,407043,38898,True,full,
ASOSAWOS_72468903026,2006-01-01,2026-06-09,179153,38897,True,full,
ASOSAWOS_72469400450,2005-12-03,2026-06-09,162991,38896,True,full,
ASOSAWOS_72469824015,1980-01-01,2026-06-09,407081,38897,True,full,
ASOSAWOS_72469903065,2006-01-01,2026-06-09,179153,38897,True,full,
ASOSAWOS_72470093141,2006-01-01,2026-06-09,179153,38897,True,full,
ASOSAWOS_72475023176,2005-01-01,2026-06-09,187912,38896,True,full,
ASOSAWOS_72475423186,2006-01-01,2022-08-31,146088,5832,True,full,
ASOSAWOS_72475593129,1980-01-01,2026-06-09,407081,38897,True,full,
ASOSAWOS_72475623159,1980-01-01,2026-06-09,407066,38897,True,full,
ASOSAWOS_72475723176,2022-01-01,2026-06-09,38896,38896,False,append_only,
ASOSAWOS_72476023066,1980-01-01,2026-06-09,407082,38898,True,full,
ASOSAWOS_72476593013,2006-01-01,2026-06-09,179153,38897,True,full,
ASOSAWOS_72476793069,2006-01-01,2026-06-09,179153,38897,True,full,
ASOSAWOS_72476824051,2006-01-01,2026-06-09,179153,38897,True,full,
ASOSAWOS_72476994035,2006-01-01,2022-08-31,146088,5832,True,full,
ASOSAWOS_72477003170,2006-01-01,2026-06-09,179153,38897,True,full,
ASOSAWOS_72477693075,2006-01-01,2026-06-09,179153,38897,True,full,
ASOSAWOS_72479694128,1999-01-01,2022-08-31,207456,5832,True,full,
ASOSAWOS_72479723176,1980-01-01,2026-06-09,407080,38896,True,full,
ASOSAWOS_72480023157,1980-01-01,2026-06-09,407081,38897,True,full,
ASOSAWOS_72481523257,2006-01-01,2026-06-09,179153,38897,True,full,
ASOSAWOS_72482893241,2006-01-01,2026-06-09,179153,38897,True,full,
ASOSAWOS_72483023232,1980-01-01,2026-06-09,407081,38897,True,full,
ASOSAWOS_72483323206,1980-01-01,2026-06-09,407082,38898,True,full,
ASOSAWOS_72483523206,2022-01-01,2026-06-09,38898,38898,False,append_only,
ASOSAWOS_72483893205,2006-01-01,2022-08-31,146088,5832,True,full,
ASOSAWOS_72484653123,2006-01-01,2026-06-09,179153,38897,True,full,
ASOSAWOS_72485523153,1980-01-01,2022-08-31,374016,5832,True,full,
ASOSAWOS_72486023154,1980-01-01,2026-06-09,407081,38897,True,full,
ASOSAWOS_72488023185,1980-01-01,2022-08-31,374016,5832,True,full,
ASOSAWOS_72488593102,1980-01-01,2026-06-09,407081,38897,True,full,
ASOSAWOS_72491523259,2006-01-01,2026-06-09,179153,38897,True,full,
ASOSAWOS_72491723233,1980-01-01,2026-06-09,306985,38897,True,full,
ASOSAWOS_72492023237,1980-01-01,2026-06-09,407081,38897,True,full,
ASOSAWOS_72492623258,1980-01-01,2022-08-31,374016,5832,True,full,
ASOSAWOS_72492723285,2000-01-01,2026-06-09,231761,38897,True,full,
ASOSAWOS_72493023230,1980-01-01,2026-06-09,407081,38897,True,full,
ASOSAWOS_72493623254,1980-01-01,2010-07-31,268080,0,True,baseline_only,
ASOSAWOS_72494023234,1980-01-01,2026-06-09,407081,38897,True,full,
ASOSAWOS_72494523293,1980-01-01,2026-06-09,407082,38898,True,full,
ASOSAWOS_72495023254,2010-08-01,2026-06-09,139001,38897,True,full,
ASOSAWOS_72495593227,2000-01-01,2022-08-31,198696,5832,True,full,
ASOSAWOS_72495723213,2000-01-01,2026-06-09,231761,38897,True,full,
ASOSAWOS_72564024018,1980-01-01,2026-06-09,407081,38897,True,full,
ASOSAWOS_72564524022,1980-01-01,2026-06-09,407081,38897,True,full,
ASOSAWOS_72565003017,1994-07-18,2026-06-09,279586,38897,True,full,
ASOSAWOS_72568694057,2006-01-01,2026-06-09,179153,38897,True,full,
ASOSAWOS_72569024089,1980-01-01,2026-06-09,407081,38897,True,full,
ASOSAWOS_72570024046,2006-01-01,2022-08-31,146088,5832,True,full,
ASOSAWOS_72570594030,2006-01-01,2026-06-09,179153,38897,True,full,
ASOSAWOS_72571094025,2005-01-01,2026-06-09,187913,38897,True,full,
ASOSAWOS_72571594025,2022-01-01,2026-06-09,38897,38897,False,append_only,
ASOSAWOS_72571703016,2006-01-01,2022-08-31,146088,5832,True,full,
ASOSAWOS_72572024127,1980-01-01,2026-06-09,407081,38897,True,full,
ASOSAWOS_72572424174,2006-01-01,2026-06-09,179154,38898,True,full,
ASOSAWOS_72574024027,2022-01-01,2026-06-09,38897,38897,False,append_only,
ASOSAWOS_72574124027,1980-01-01,2026-06-09,135329,38897,True,full,
ASOSAWOS_72574424027,1991-01-01,2026-06-09,310649,38897,True,full,
ASOSAWOS_72574524057,1980-01-01,2026-06-08,306943,38863,True,full,
ASOSAWOS_72576024021,1980-01-01,2022-08-31,374016,5832,True,full,
ASOSAWOS_72576394053,2006-01-01,2026-06-09,179153,38897,True,full,
ASOSAWOS_72576524061,1980-01-01,2026-06-09,277752,38897,True,full,
ASOSAWOS_72577504111,1980-01-02,2022-08-31,373991,5832,True,full,
ASOSAWOS_72577624166,2006-01-01,2022-08-31,146088,5832,True,full,
ASOSAWOS_72578024156,1980-01-01,2026-06-09,407081,38897,True,full,
ASOSAWOS_72578404109,2006-01-01,2026-06-09,179153,38897,True,full,
ASOSAWOS_72578524145,1980-01-01,2026-06-09,407082,38898,True,full,
ASOSAWOS_72578894182,2009-01-01,2026-06-09,47658,38898,True,full,
ASOSAWOS_72580524172,1980-01-01,2026-06-08,407047,38863,True,full,
ASOSAWOS_72581024193,1980-01-01,2026-06-09,407081,38897,True,full,
ASOSAWOS_72582403170,2022-01-01,2026-06-09,38897,38897,False,append_only,
ASOSAWOS_72582524121,1980-01-01,2022-08-31,374016,5832,True,full,
ASOSAWOS_72583024128,1980-01-01,2026-06-09,407081,38897,True,full,
ASOSAWOS_72584523225,1980-01-01,2022-08-31,374016,5832,True,full,
ASOSAWOS_72584693201,2006-01-01,2026-06-09,179152,38897,True,full,
ASOSAWOS_72584793230,2000-01-01,2026-06-09,231760,38897,True,full,
ASOSAWOS_72585093228,2000-01-01,2026-06-09,231762,38898,True,full,
ASOSAWOS_72586124142,1980-01-01,1982-05-31,21163,0,True,baseline_only,
ASOSAWOS_72586494182,2005-01-01,2026-06-09,187914,38898,True,full,
ASOSAWOS_72586694178,2006-01-01,2022-08-31,146088,5832,True,full,
ASOSAWOS_72586724133,1980-01-01,2026-06-09,407082,38898,True,full,
ASOSAWOS_72586894184,2006-01-01,2012-09-28,59077,0,True,baseline_only,
ASOSAWOS_72589594236,1980-01-01,2022-08-31,374016,5832,True,full,
ASOSAWOS_72590523275,1980-01-01,2026-06-09,407082,38898,True,full,
ASOSAWOS_72591024216,1980-01-01,2026-06-09,407081,38897,True,full,
ASOSAWOS_72591524257,1980-01-01,2026-06-09,144089,38897,True,full,
ASOSAWOS_72592024257,1992-01-01,2026-06-09,301889,38897,True,full,
ASOSAWOS_72593023233,2005-01-01,2026-06-09,187913,38897,True,full,
ASOSAWOS_72594524283,1980-01-01,2026-06-09,407081,38897,True,full,
ASOSAWOS_72594624286,1980-01-01,2026-06-09,407081,38897,True,full,
ASOSAWOS_72595524259,1980-01-01,2026-06-09,407081,38897,True,full,
ASOSAWOS_72595724215,1980-01-01,2026-06-09,407081,38897,True,full,
ASOSAWOS_72595894299,2006-01-01,2022-08-31,146088,5832,True,full,
ASOSAWOS_72597024225,1980-01-01,2026-06-09,407081,38897,True,full,
ASOSAWOS_72597524235,1980-01-01,2026-06-09,407082,38898,True,full,
ASOSAWOS_72597694285,2006-01-01,2026-06-09,179153,38897,True,full,
ASOSAWOS_72598524267,2022-01-01,2026-06-09,38897,38897,False,append_only,
ASOSAWOS_72639100385,2005-06-11,2026-06-09,184028,38898,True,full,
ASOSAWOS_72639200424,2005-06-11,2026-06-09,184028,38898,True,full,
ASOSAWOS_72639600422,2005-06-11,2022-08-31,150962,5832,True,full,
ASOSAWOS_72665094023,2006-01-01,2026-06-09,179153,38897,True,full,
ASOSAWOS_72665494054,2006-01-01,2026-06-09,179153,38897,True,full,
ASOSAWOS_72666024029,1980-01-01,2026-06-09,407081,38897,True,full,
ASOSAWOS_72666494173,1980-08-12,2026-06-09,401689,38897,True,full,
ASOSAWOS_72666524062,2000-01-01,2022-08-31,198696,5832,True,full,
ASOSAWOS_72666724048,2006-01-01,2026-06-09,179153,38897,True,full,
ASOSAWOS_72667524037,1980-01-01,1983-12-31,35064,0,True,baseline_only,
ASOSAWOS_72667624087,2006-01-01,2026-06-09,179153,38897,True,full,
ASOSAWOS_72669024057,2010-08-01,2026-06-08,138967,38863,True,full,
ASOSAWOS_72670024045,2006-01-01,2026-06-09,179153,38897,True,full,
ASOSAWOS_72671024164,1999-01-01,2022-08-31,207456,5832,True,full,
ASOSAWOS_72672024061,2007-04-01,2026-06-09,168233,38897,True,full,
ASOSAWOS_72676324198,2006-01-03,2007-10-19,15688,0,True,baseline_only,
ASOSAWOS_72676494163,2006-06-08,2022-08-31,142283,5832,True,full,
ASOSAWOS_72677024033,1980-01-01,2026-06-09,407081,38897,True,full,
ASOSAWOS_72677624036,1980-01-01,2026-06-09,407066,38882,True,full,
ASOSAWOS_72677794055,2006-01-01,2026-06-09,179153,38897,True,full,
ASOSAWOS_72678524135,1980-01-01,2026-06-09,306984,38897,True,full,
ASOSAWOS_72679624138,1980-01-01,2026-06-09,306982,38897,True,full,
ASOSAWOS_72679724132,1980-01-01,2026-06-09,407081,38897,True,full,
ASOSAWOS_72679824150,1980-01-01,2022-08-31,374016,5832,True,full,
ASOSAWOS_72681024131,1980-01-01,2026-06-09,407081,38897,True,full,
ASOSAWOS_72681394195,2006-01-01,2026-06-09,179153,38897,True,full,
ASOSAWOS_72681604110,2006-01-01,2026-06-09,179153,38897,True,full,
ASOSAWOS_72681724154,1996-07-02,2022-08-31,229361,5832,True,full,
ASOSAWOS_72681894194,1999-01-02,2026-06-09,240492,38898,True,full,
ASOSAWOS_72682404112,1999-01-02,2026-06-09,240491,38897,True,full,
ASOSAWOS_72683094185,1980-01-01,2026-06-09,407081,38897,True,full,
ASOSAWOS_72683524230,1980-01-01,2026-06-09,306985,38897,True,full,
ASOSAWOS_72683604201,2006-01-01,2022-08-31,146088,5832,True,full,
ASOSAWOS_72683724162,1984-06-29,2026-06-09,367677,38897,True,full,
ASOSAWOS_72683894185,1981-01-01,2026-06-09,126545,38897,True,full,
ASOSAWOS_72683994196,2006-01-02,2006-11-22,7782,0,True,baseline_only,
ASOSAWOS_72686524196,2006-01-01,2022-08-31,146088,5832,True,full,
ASOSAWOS_72687300452,2011-03-25,2026-06-09,133322,38898,True,full,
ASOSAWOS_72687594107,1998-03-02,2026-06-09,247835,38897,True,full,
ASOSAWOS_72687600387,2005-01-03,2026-06-09,187850,38898,True,full,
ASOSAWOS_72688024155,1980-01-01,2026-06-09,407081,38897,True,full,
ASOSAWOS_72688194273,2006-01-01,2026-06-09,179153,38897,True,full,
ASOSAWOS_72688304113,2006-01-01,2026-06-09,179153,38897,True,full,
ASOSAWOS_72688424148,1988-05-06,2026-06-09,333911,38897,True,full,
ASOSAWOS_72688524152,1980-01-01,2022-08-31,374016,5832,True,full,
ASOSAWOS_72688624130,1980-01-01,2026-06-09,407081,38897,True,full,
ASOSAWOS_72690124231,1980-01-01,1980-04-30,2904,0,True,baseline_only,
ASOSAWOS_72690424231,1980-05-14,2026-06-09,403851,38898,True,full,
ASOSAWOS_72691724284,1980-01-01,2026-06-09,407080,38896,True,full,
ASOSAWOS_72692024230,2005-01-01,2026-06-09,187913,38897,True,full,
ASOSAWOS_72693024221,1980-01-01,2022-08-31,374016,5832,True,full,
ASOSAWOS_72694024232,1980-01-01,2022-08-31,374016,5832,True,full,
ASOSAWOS_72694524202,2006-01-01,2022-08-31,146088,5832,True,full,
ASOSAWOS_72695024285,1980-01-01,2022-08-31,374014,5832,True,full,
ASOSAWOS_72695994281,2006-01-01,2026-06-09,179153,38897,True,full,
ASOSAWOS_72698024229,1980-01-01,2026-06-09,407081,38897,True,full,
ASOSAWOS_72698524242,2006-01-01,2026-06-09,179154,38898,True,full,
ASOSAWOS_72698694261,2006-01-01,2026-06-09,179152,38896,True,full,
ASOSAWOS_72698824219,1980-01-01,2026-06-09,407081,38897,True,full,
ASOSAWOS_72768094008,1980-01-01,2026-06-09,407081,38897,True,full,
ASOSAWOS_72768494051,2006-01-01,2026-06-09,179153,38897,True,full,
ASOSAWOS_72768694017,2006-01-01,2026-06-09,179153,38897,True,full,
ASOSAWOS_72768794028,2006-01-01,2026-06-09,179153,38897,True,full,
ASOSAWOS_72769024137,2005-01-01,2022-08-31,154848,5832,True,full,
ASOSAWOS_72770024138,2005-01-01,2026-06-09,187913,38897,True,full,
ASOSAWOS_72772024144,1980-01-01,2026-06-09,407081,38897,True,full,
ASOSAWOS_72773024153,1980-01-01,2022-08-31,374016,5832,True,full,
ASOSAWOS_72774024135,2005-01-01,2026-06-09,187913,38897,True,full,
ASOSAWOS_72775024143,1980-01-01,2026-06-09,407081,38897,True,full,
ASOSAWOS_72775524112,1980-01-01,2026-06-09,407082,38898,True,full,
ASOSAWOS_72777094012,1980-01-01,2026-06-09,407081,38897,True,full,
ASOSAWOS_72779024146,1980-01-01,2026-06-09,407081,38897,True,full,
ASOSAWOS_72779624137,1980-01-01,2026-06-09,306984,38897,True,full,
ASOSAWOS_72781024243,1980-01-01,2022-08-31,374016,5832,True,full,
ASOSAWOS_72781524237,1980-01-01,2022-08-31,374016,5832,True,full,
ASOSAWOS_72782594239,2000-01-01,2022-08-31,198696,5832,True,full,
ASOSAWOS_72782624141,1980-01-01,2026-06-09,306985,38897,True,full,
ASOSAWOS_72782724110,1980-01-01,2026-06-09,407081,38897,True,full,
ASOSAWOS_72783024149,1980-01-01,2022-08-31,374016,5832,True,full,
ASOSAWOS_72783304114,1999-01-02,2026-06-09,135299,38897,True,full,
ASOSAWOS_72783424136,2006-01-01,2026-06-09,179153,38897,True,full,
ASOSAWOS_72784624160,1980-01-01,2026-06-09,407081,38897,True,full,
ASOSAWOS_72785024157,1980-01-01,2026-06-09,407081,38897,True,full,
ASOSAWOS_72785494119,2006-01-01,2026-06-09,79057,38897,True,full,
ASOSAWOS_72785694176,2006-01-01,2026-06-09,179153,38897,True,full,
ASOSAWOS_72785794129,2006-01-01,2026-06-09,179153,38897,True,full,
ASOSAWOS_72787094119,2010-08-01,2026-06-09,139001,38897,True,full,
ASOSAWOS_72788324220,1988-01-06,2022-08-31,303750,5832,True,full,
ASOSAWOS_72788594266,2006-01-01,2026-06-09,179153,38897,True,full,
ASOSAWOS_72789094197,2006-01-01,2022-08-31,146088,5832,True,full,
ASOSAWOS_72790024141,2005-01-01,2026-06-09,187913,38897,True,full,
ASOSAWOS_72791094224,1980-01-01,2022-08-31,374016,5832,True,full,
ASOSAWOS_72791894298,2006-01-01,2022-08-31,146088,5832,True,full,
ASOSAWOS_72792024227,1980-01-01,2026-06-09,407082,38898,True,full,
ASOSAWOS_72792394225,1991-01-01,2026-06-09,310641,38898,True,full,
ASOSAWOS_72792424223,1990-02-08,2022-08-31,285419,5832,True,full,
ASOSAWOS_72792594227,1999-01-01,2026-06-09,240522,38898,True,full,
ASOSAWOS_72792794225,1980-01-01,1990-12-18,96103,0,True,baseline_only,
ASOSAWOS_72792894263,2006-01-01,2022-08-31,146088,5832,True,full,
ASOSAWOS_72793024233,1980-01-01,2026-06-09,407082,38898,True,full,
ASOSAWOS_72793494248,2006-01-01,2026-06-09,179154,38898,True,full,
ASOSAWOS_72793524234,1980-01-01,2026-06-09,407081,38897,True,full,
ASOSAWOS_72793724222,2006-01-01,2026-06-09,179154,38898,True,full,
ASOSAWOS_72793894274,2006-01-01,2026-06-09,179153,38897,True,full,
ASOSAWOS_72794504205,2006-01-01,2026-06-09,179154,38898,True,full,
ASOSAWOS_72797094240,1980-01-01,2022-08-31,374016,5832,True,full,
ASOSAWOS_72797524255,2022-01-01,2026-06-09,38897,38897,False,append_only,
ASOSAWOS_72797624217,1980-01-01,2026-06-09,407081,38897,True,full,
ASOSAWOS_72798594276,2006-01-01,2026-06-09,179153,38897,True,full,
ASOSAWOS_74000203042,2006-01-01,2026-06-09,179154,38898,True,full,
ASOSAWOS_74003503145,1980-01-01,2026-06-09,407081,38897,True,full,
ASOSAWOS_74230024037,1984-01-01,2026-06-09,372017,38897,True,full,
ASOSAWOS_74504693242,2006-01-01,2022-08-31,146088,5832,True,full,
ASOSAWOS_74504893210,2006-01-01,2026-06-09,179153,38897,True,full,
ASOSAWOS_74505653120,2006-01-01,2026-06-09,179153,38897,True,full,
ASOSAWOS_74505753130,2006-01-01,2022-08-31,146088,5832,True,full,
ASOSAWOS_74505823277,2006-01-01,2022-08-31,146088,5832,True,full,
ASOSAWOS_74509023244,1980-01-01,2022-08-31,374016,5832,True,full,
ASOSAWOS_74520023176,2022-01-01,2026-06-09,38896,38896,False,append_only,
ASOSAWOS_74520123176,2022-01-01,2026-06-09,38896,38896,False,append_only,
ASOSAWOS_74612093104,1980-01-01,2026-06-09,407081,38897,True,full,
ASOSAWOS_74702023110,1980-01-01,2026-06-09,407081,38897,True,full,
ASOSAWOS_74704003102,2005-01-01,2026-06-09,187913,38897,True,full,
ASOSAWOS_74718503144,2006-01-01,2026-06-09,179153,38897,True,full,
ASOSAWOS_74718703104,1980-01-01,2022-08-31,374016,5832,True,full,
ASOSAWOS_74718823158,1980-01-01,2026-06-09,407081,38897,True,full,
ASOSAWOS_74917100479,2009-12-09,2026-06-09,144625,38898,True,full,
ASOSAWOS_74917900392,2009-02-01,2026-06-09,152106,38898,True,full,
ASOSAWOS_74948400395,2011-10-01,2026-06-09,128778,38898,True,full,
ASOSAWOS_74948500396,2011-09-21,2026-06-09,128996,38898,True,full,
ASOSAWOS_74948600397,2011-09-21,2026-06-09,129004,38898,True,full,
ASOSAWOS_99999903102,1998-05-02,2026-06-09,97338,38897,True,full,
ASOSAWOS_99999904134,2006-08-02,2022-08-31,140953,5815,True,full,
ASOSAWOS_99999923136,1999-10-02,2026-06-09,84906,38897,True,full,
ASOSAWOS_99999923176,2022-01-01,2026-06-09,38896,38896,False,append_only,
ASOSAWOS_99999923259,1998-03-02,2026-06-09,107578,38897,True,full,
ASOSAWOS_99999924138,2022-01-01,2026-06-09,38897,38897,False,append_only,
ASOSAWOS_99999953129,2022-01-01,2026-06-09,38898,38898,False,append_only,
ASOSAWOS_99999993107,2022-01-01,2026-06-09,38897,38897,False,append_only,
ASOSAWOS_99999993134,2022-01-01,2024-05-20,20895,20895,False,append_only,
ASOSAWOS_99999993228,1998-09-02,1999-12-31,11641,0,True,baseline_only,
ASOSAWOS_99999994176,1998-10-02,2026-06-09,102442,38897,True,full,
ASOSAWOS_99999994274,1999-01-02,2026-06-09,100234,38897,True,full,
ASOSAWOS_99999994297,2024-10-18,2026-06-09,14379,14379,False,append_only,
ASOSAWOS_A0000594076,2006-01-01,2022-08-31,146087,5831,True,full,
ASOSAWOS_A0001403053,2004-01-02,2006-11-15,25169,0,True,baseline_only,
ASOSAWOS_A0001553129,2014-02-27,2022-08-31,74574,5831,True,full,
ASOSAWOS_A0001603036,2014-07-24,2026-06-09,104117,38898,True,full,
ASOSAWOS_A0001823162,2014-08-20,2022-08-31,70401,5831,True,full,
ASOSAWOS_A0002694297,1996-07-02,2026-06-09,179740,14379,True,full,
ASOSAWOS_A0002804116,2016-08-15,2022-08-31,52976,5831,True,full,
ASOSAWOS_A0685400115,2014-07-31,2026-06-09,103942,38898,True,full,
ASOSAWOS_A0704900320,2014-07-31,2026-06-09,103942,38898,True,full,
ASOSAWOS_A0705300346,2014-07-31,2026-06-09,103942,38898,True,full,
